0x5DF6,_bsp_get_clock_configuration
0x5DFE,_bsp_get_clock
0x5EAC,_bsp_serial_io_init
0x6124,_bsp_i2c_io_init
0x668C,_mqx_STARTUP
0x6A4C,_mem_zero
0x6AB4,_mem_alloc_internal
0x7136,_mem_free
0x732E,_mem_alloc_system
0x74AE,_mem_set_type
0x74C8,_mem_transfer_internal
0x74E8,_mem_alloc_system_zero
0x77B2,_task_destroy_internal
0x7B3A,_task_destroy
0x8158,_task_set_error
0x8764,_lwsem_create_internal
0x8828,_lwsem_create
0x8A02,_lwsem_post
0x8ADE,_lwsem_wait
0x8E62,_bsp_enable_card
0x8F82,_INT_DISABLE
0x8FA4,_INT_ENABLE
0x9102,_int_install_isr
0x92D8,_KLOGX2
0x951C,_QUEUE_INIT
0x9528,_QUEUE_ENQUEUE
0x9AEE,_time_get_hwticks
0x9F86,_lpm_get_clock_configuration
0xA068,_lpm_get_operation_mode
0xA1E8,_kuart_change_baudrate
0xA24C,_kuart_polled_peripheral_enable
0xA256,_kuart_polled_peripheral_disable
0xA456,_kuart_polled_install
0xA48C,_kuart_polled_init
0xA5C4,_kuart_polled_deinit
0xA60C,_kuart_polled_getc
0xA620,_kuart_polled_putc
0xA634,_kuart_polled_status
0xA694,_kuart_polled_ioctl
0xAB0C,_ki2c_set_baudrate
0xAB70,_ki2c_polled_install
0xAB98,_ki2c_polled_init
0xAC70,_ki2c_polled_deinit
0xACA8,_ki2c_polled_ioctl
0xAFC4,_ki2c_polled_rx
0xB080,_ki2c_polled_tx
0xB136,_ki2c_polled_rx_tx
0xB45C,_ki2c_int_init
0xB4E4,_ki2c_int_deinit
0xB544,_ki2c_int_rx
0xB610,_ki2c_int_tx
0xBAF4,_io_adc_install
0xBB74,_adc_open
0xBEA8,_adc_close
0xBFA4,_adc_read
0xC018,_adc_write
0xC020,_adc_ioctl
0xC10C,_io_flashx_install
0xC1A4,_io_flashx_uninstall
0xC1C4,_io_flashx_open
0xC470,_io_flashx_close
0xC4BC,_allocate_sector_cache
0xC4F4,_io_flashx_read
0xC638,_io_flashx_erase_sector
0xC6BC,_io_flashx_find_correct_sectors
0xC7D0,_io_flashx_flush_buffer
0xC7EC,_io_flashx_flush_sector_buffer
0xC8A0,_io_flashx_write
0xCAA0,_io_flashx_write_partial_sector
0xCC7E,_io_flashx_check_free_space
0xCCA0,_io_flashx_ioctl
0xD1F8,_lwlog_write_internal
0xD31A,_lwlog_write
0xD6DC,_mem_copy
0xD760,_cm_get_clock_configuration
0xD768,_cm_get_clock
0xD77C,_bsp_get_serial_base_address
0xD7B0,_io_serial_polled_install
0xDDC0,_io_i2c_polled_install
0xDFA0,_bsp_get_i2c_base_address
0xDFE8,_io_i2c_int_install
0xE064,_io_i2c_int_uninstal
0xE094,_io_i2c_int_open
0xE0EC,_io_i2c_int_close
0xE130,_io_i2c_int_read
0xE154,_io_i2c_int_write
0xE178,_io_i2c_int_ioctl
0xE23E,_bsp_int_enable
0xE264,_bsp_int_disable
0xE294,_adc_hw_ioctl
0xE632,_adt_hw_install
0xE902,_adc_hw_channel_deinit
0xF526,_adt_trigger
0xF618,_adt_pause
0xF6DE,_adt_resume
0xF79E,_adt_stop
0xF84E,_adt_process_data
0xF974,_io_dev_install
0xFA30,_io_dev_install_ext
0xFB44,_io_dev_install_ext_0
0xFC50,_bsp_get_adc_base_address
0xFE3A,_lwevent_set
0x197F6,Task_0x21_callrx
0x199D4,Task_0x22_msg
0x19A8A,Task_0x14_csbk
0x19E4C,Task_0x03_shutdown
0x1A6D8,Task_0x25_test
0x1C32A,Task_0x08_encrypt
0x1C35C,Task_0x07_decrypt
0x1C3A0,Task_0x04_rf
0x1C714,Task_0x20_callptt
0x1CC84,Task_0x11_beep
0x2F77C,_io_sputc
0x2FAEE,Task_0x0D_txmsg
0x304EC,Task_0x0E_rxmsg
0x32E34,Task_0x0C_rxvoice
0x33262,Task_0x0B_rxcsbk
0x34B08,_bsp_dspi1_init
0x34BF0,Task_0x06_encode
0x34BF4,Task_0x05_decode
0x35C2C,Task_0x0A_slot
0x35CF2,Task_0x09_sysint
0x3CAC8,Task_0x24_USB_HID_0
0x3CAD6,Task_0x24_USB_HID
0x42A9C,_io_doprint
0x480D8,Task_0x0F_cpchan
0x4A726,Task_0x02_slottimer
0x4B868,Task_0x06_encode_0
0x4C2B8,Task_0x05_decode_0
0x6509C,Task_0x26_menu
0x65D8C,_int_unexpected_isr
0x66B2C,_mqx_idle_task
0x66B8C,_mqx_init_task
0x6A17A,Task_0x01_main
0x6A65C,_io_fputc
0x6AAE8,_CHECK_RUN_SCHEDULER
0x6AB04,_sched_execute_scheduler_internal
